agent,success,reward,steps,delivered_count,discovered_count,burned_count,risk_exposure,timeout,fire_collision,survivor_burned,invalid_uav,invalid_ugv,uav_path_length,ugv_path_length
astar,1.0,526.42,86.0,3.0,3.0,0.0,0.0,0.0,0.0,0.0,0.0,0.0,50.0,101.0
dqn_er,1.0,526.42,86.0,3.0,3.0,0.0,0.0,0.0,0.0,0.0,0.0,0.0,50.0,101.0
greedy,0.0,252.28,300.0,2.0,3.0,0.0,3.4,1.0,0.0,0.0,0.0,0.0,50.0,58.0
random,0.0,-178.03533333333334,298.9,0.23333333333333334,1.9333333333333333,0.0,34.945,0.9333333333333333,0.06666666666666667,0.0,16.666666666666668,42.166666666666664,222.56666666666666,437.0
