agent,success,reward,steps,delivered_count,discovered_count,burned_count,risk_exposure,timeout,fire_collision,survivor_burned,invalid_uav,invalid_ugv,uav_path_length,ugv_path_length
astar,1.0,568.0527999999999,134.92,3.0,3.0,0.0,0.182,0.0,0.0,0.0,0.0,0.0,81.04,175.92
coverage_astar,1.0,589.5008,203.66,3.0,3.0,0.0,1.5590000000000002,0.0,0.0,0.0,0.0,0.0,159.26,177.04
greedy,0.2,179.2372,414.02,1.6,2.32,0.0,66.387,0.72,0.08,0.0,0.0,0.0,60.38,101.26
ppo_uav,0.04,65.3566,504.9,0.56,0.58,0.0,1.216,0.96,0.0,0.0,0.0,0.0,179.02,26.48
random,0.0,-450.7956,502.24,0.04,1.1,0.0,100.84200000000001,0.94,0.06,0.0,24.92,76.5,374.6,727.92
