agent,difficulty,reward,steps,success,discovered,picked,fire_collision,survivor_burned,timeout,invalid_uav,invalid_ugv,risk_exposure,uav_path_length,ugv_path_length
astar,easy,233.76000000000005,33.0,1.0,1.0,1.0,0.0,0.0,0.0,0.0,0.0,0.0,18.0,24.0
dqn,easy,234.16000000000003,33.0,1.0,1.0,1.0,0.0,0.0,0.0,0.0,0.0,0.0,18.0,28.0
greedy,easy,27.349999999999895,110.0,0.0,1.0,0.0,0.0,0.0,1.0,0.0,0.0,0.0,12.0,8.0
random,easy,-216.16400000000004,110.0,0.0,0.7333333333333333,0.03333333333333333,0.0,0.0,1.0,9.666666666666666,31.933333333333334,15.949999999999998,78.23333333333333,55.4
