agent,difficulty,reward,steps,success,discovered,picked,fire_collision,survivor_burned,timeout,invalid_uav,invalid_ugv,risk_exposure,uav_path_length,ugv_path_length
astar,hard,352.3500000000002,75.0,1.0,1.0,1.0,0.0,0.0,0.0,0.0,0.0,0.0,30.0,60.0
dqn,hard,62.92439999999996,180.0,0.0,1.0,0.0,0.0,0.0,1.0,0.0,0.0,0.0,94.16,136.4
greedy,hard,-166.90699999999998,168.3,0.0,1.0,0.0,0.1,0.0,0.9,0.0,0.0,184.64000000000004,18.0,3.0
random,hard,-687.6117999999998,175.2,0.0,0.22,0.0,0.04,0.0,0.96,10.98,63.2,181.98000000000005,128.14,76.9
